run,step,task3_accuracy_pct,task0_accuracy_pct,task0_absolute_drift_pp,passes_screen,weighted_noise_before,preserve_before,total_loss_before
E08,0,26.0,44.6,0.0,False,,,
E08,1,16.0,23.4,21.2,False,38765.68,0.0,
E08,2,13.0,14.6,30.0,False,36631.19,711.19,
E08,3,12.6,13.6,31.0,False,34988.89,1559.62,
E08,4,12.8,13.6,31.0,False,33794.32,2083.34,
E08,5,13.8,14.2,30.4,False,32940.63,2225.69,
E08,6,14.4,12.4,32.2,False,32308.67,2088.67,
E08,7,14.4,11.2,33.4,False,31802.68,1809.4,
E08,8,11.2,10.8,33.8,False,31353.69,1499.43,
E08,9,10.2,10.2,34.4,False,30910.52,1225.5,
E08,10,10.0,10.0,34.6,False,30435.68,1015.46,
E09,0,26.0,44.6,0.0,False,,,
E09,1,23.0,45.0,0.4,False,38765.68,0.0,
E09,2,21.2,46.6,2.0,False,38546.75,7.25,
E09,3,18.8,44.8,0.2,False,38331.81,27.22,
E09,4,17.4,43.4,1.2,False,38116.39,57.94,
E09,5,16.0,41.8,2.8,False,37906.2,97.46,
E09,6,16.2,39.2,5.4,False,37700.46,144.03,
E09,7,16.6,37.0,7.6,False,37498.27,196.03,
E09,8,16.8,35.2,9.4,False,37302.28,252.03,
E09,9,16.4,32.6,12.0,False,37112.92,310.69,
E09,10,15.8,30.0,14.6,False,36926.21,370.77,
E10,0,26.0,44.6,0.0,False,,,
E10,1,23.0,45.0,0.4,False,,,
E10,2,21.6,46.6,2.0,False,,,
E10,3,19.4,46.0,1.4,False,,,
E10,4,18.4,44.8,0.2,False,,,
E10,5,17.4,44.8,0.2,False,,,
E10,6,16.6,44.6,0.0,False,,,
E10,7,16.0,45.0,0.4,False,,,
E10,8,16.2,44.6,0.0,False,,,
E10,9,16.0,44.8,0.2,False,,,
E10,10,16.0,44.8,0.2,False,,,
E11,0,26.0,44.6,0.0,False,,,
E11,1,23.0,45.0,0.4,False,,,
E11,2,21.6,46.6,2.0,False,,,
E11,3,19.4,46.0,1.4,False,,,
E11,4,18.4,44.8,0.2,False,,,
E11,5,17.4,44.8,0.2,False,,,
E11,6,16.6,44.6,0.0,False,,,
E11,7,16.0,45.0,0.4,False,,,
E11,8,16.2,44.6,0.0,False,,,
E11,9,16.0,44.8,0.2,False,,,
E11,10,16.0,44.8,0.2,False,,,
E11,11,16.4,44.6,0.0,False,,,
E11,12,16.8,44.2,0.4,False,,,
E11,13,16.4,43.6,1.0,False,,,
E11,14,16.4,43.4,1.2,False,,,
E11,15,16.2,43.2,1.4,False,,,
E11,16,15.8,42.6,2.0,False,,,
E11,17,15.0,42.0,2.6,False,,,
E11,18,15.0,41.4,3.2,False,,,
E11,19,14.2,41.6,3.0,False,,,
E11,20,13.4,40.6,4.0,False,,,
E11,21,13.6,40.2,4.4,False,,,
E11,22,13.4,39.8,4.8,False,,,
E11,23,12.8,39.4,5.2,False,,,
E11,24,12.6,38.6,6.0,False,,,
E11,25,12.8,38.6,6.0,False,,,
E11,26,12.8,38.6,6.0,False,,,
E11,27,13.2,38.2,6.4,False,,,
E11,28,13.8,37.8,6.8,False,,,
E11,29,13.6,37.6,7.0,False,,,
E11,30,13.4,36.4,8.2,False,,,
E12,0,26.0,44.6,0.0,False,,,
E12,1,23.0,45.0,0.4,False,,,
E12,2,22.6,45.2,0.6,False,,,
E12,3,21.8,45.4,0.8,False,,,
E12,4,21.0,45.8,1.2,False,,,
E12,5,19.2,45.4,0.8,False,,,
E12,6,18.6,45.8,1.2,False,,,
E12,7,17.4,46.2,1.6,False,,,
E12,8,16.4,46.0,1.4,False,,,
E12,9,15.8,44.6,0.0,False,,,
E12,10,16.0,44.4,0.2,False,,,
E12,11,16.2,44.2,0.4,False,,,
E12,12,16.0,44.6,0.0,False,,,
E12,13,16.2,44.4,0.2,False,,,
E12,14,16.8,44.6,0.0,False,,,
E12,15,16.8,44.6,0.0,False,,,
E12,16,16.4,44.8,0.2,False,,,
E12,17,16.2,44.2,0.4,False,,,
E12,18,16.2,44.2,0.4,False,,,
E12,19,15.8,43.8,0.8,False,,,
E12,20,15.4,43.8,0.8,False,,,
E12,21,15.2,43.4,1.2,False,,,
E12,22,15.0,43.4,1.2,False,,,
E12,23,14.8,43.4,1.2,False,,,
E12,24,14.2,43.4,1.2,False,,,
E12,25,14.0,43.4,1.2,False,,,
E12,26,14.4,43.2,1.4,False,,,
E12,27,14.0,43.2,1.4,False,,,
E12,28,13.6,42.8,1.8,False,,,
E12,29,13.0,42.8,1.8,False,,,
E12,30,13.0,42.8,1.8,False,,,
E13,0,26.0,44.6,0.0,False,,,
E13,1,23.0,45.0,0.4,False,,,
E13,2,22.6,45.2,0.6,False,,,
E13,3,21.8,45.4,0.8,False,,,
E13,4,21.0,45.8,1.2,False,,,
E13,5,19.2,45.4,0.8,False,,,
E13,6,18.6,45.8,1.2,False,,,
E13,7,17.4,46.2,1.6,False,,,
E13,8,16.4,46.0,1.4,False,,,
E13,9,15.8,44.6,0.0,False,,,
E13,10,16.0,44.4,0.2,False,,,
E13,11,16.2,44.2,0.4,False,,,
E13,12,16.0,44.6,0.0,False,,,
E13,13,16.2,44.4,0.2,False,,,
E13,14,16.8,44.6,0.0,False,,,
E13,15,16.8,44.6,0.0,False,,,
E13,16,16.4,44.8,0.2,False,,,
E13,17,16.2,44.2,0.4,False,,,
E13,18,16.2,44.2,0.4,False,,,
E13,19,15.8,43.8,0.8,False,,,
E13,20,15.4,43.8,0.8,False,,,
E13,21,15.2,43.4,1.2,False,,,
E13,22,15.0,43.4,1.2,False,,,
E13,23,14.8,43.4,1.2,False,,,
E13,24,14.2,43.4,1.2,False,,,
E13,25,14.0,43.4,1.2,False,,,
E13,26,14.4,43.2,1.4,False,,,
E13,27,14.0,43.2,1.4,False,,,
E13,28,13.6,42.8,1.8,False,,,
E13,29,13.0,42.8,1.8,False,,,
E13,30,13.0,42.8,1.8,False,,,
E13,31,13.0,42.8,1.8,False,,,
E13,32,13.2,42.8,1.8,False,,,
E13,33,13.2,42.8,1.8,False,,,
E13,34,13.4,42.8,1.8,False,,,
E13,35,13.6,42.8,1.8,False,,,
E13,36,13.8,42.8,1.8,False,,,
E13,37,13.8,42.8,1.8,False,,,
E13,38,14.0,42.8,1.8,False,,,
E13,39,13.8,42.8,1.8,False,,,
E13,40,13.2,43.0,1.6,False,,,
E13,41,13.4,43.0,1.6,False,,,
E13,42,13.8,43.0,1.6,False,,,
E13,43,13.0,43.2,1.4,False,,,
E13,44,13.4,43.2,1.4,False,,,
E13,45,13.4,43.4,1.2,False,,,
E13,46,13.4,43.4,1.2,False,,,
E13,47,13.4,43.4,1.2,False,,,
E13,48,13.2,43.4,1.2,False,,,
E13,49,13.0,43.4,1.2,False,,,
E13,50,13.2,43.8,0.8,False,,,
E14,0,26.0,44.6,0.0,False,,,
E14,1,23.0,45.0,0.4,False,,,
E14,2,22.0,45.6,1.0,False,,,
E14,3,21.0,46.0,1.4,False,,,
E14,4,19.4,46.2,1.6,False,,,
E14,5,18.6,46.4,1.8,False,,,
E14,6,18.0,46.6,2.0,False,,,
E14,7,17.0,46.2,1.6,False,,,
E14,8,16.2,45.8,1.2,False,,,
E14,9,16.0,44.6,0.0,False,,,
E14,10,16.2,44.6,0.0,False,,,
E14,11,16.2,44.8,0.2,False,,,
E14,12,16.4,44.6,0.0,False,,,
E14,13,17.0,44.6,0.0,False,,,
E14,14,16.4,44.6,0.0,False,,,
E14,15,16.4,44.4,0.2,False,,,
E14,16,16.4,43.8,0.8,False,,,
E14,17,15.6,43.4,1.2,False,,,
E14,18,15.4,43.2,1.4,False,,,
E14,19,15.0,42.4,2.2,False,,,
E14,20,14.8,42.8,1.8,False,,,
E14,21,14.2,42.8,1.8,False,,,
E14,22,13.8,42.4,2.2,False,,,
E14,23,13.6,41.8,2.8,False,,,
E14,24,13.6,41.4,3.2,False,,,
E14,25,13.0,41.2,3.4,False,,,
E14,26,13.0,41.4,3.2,False,,,
E14,27,12.6,41.2,3.4,False,,,
E14,28,12.8,40.8,3.8,False,,,
E14,29,13.2,39.8,4.8,False,,,
E14,30,13.4,40.2,4.4,False,,,
E14,31,14.0,40.2,4.4,False,,,
E14,32,14.0,40.0,4.6,False,,,
E14,33,13.8,40.0,4.6,False,,,
E14,34,13.6,39.8,4.8,False,,,
E14,35,13.0,39.8,4.8,False,,,
E14,36,13.2,39.2,5.4,False,,,
E14,37,13.4,39.0,5.6,False,,,
E14,38,13.0,39.2,5.4,False,,,
E14,39,13.0,39.0,5.6,False,,,
E14,40,12.8,38.6,6.0,False,,,
E14,41,13.0,38.0,6.6,False,,,
E14,42,13.0,38.0,6.6,False,,,
E14,43,12.6,38.0,6.6,False,,,
E14,44,12.4,38.0,6.6,False,,,
E14,45,12.6,38.2,6.4,False,,,
E14,46,12.6,38.0,6.6,False,,,
E14,47,12.6,38.0,6.6,False,,,
E14,48,12.6,37.8,6.8,False,,,
E14,49,12.6,37.8,6.8,False,,,
E14,50,12.6,37.4,7.2,False,,,
